Model Name,Precision@3,Hit@3,Avg Correct,Improvement (Prec)
Baseline (Stage 03),47.95,58.08,1.438,0.0
Model A (v2_full),0.5160256410256411,0.9326923076923076,1.5480769230769231,-47.43397435897436
Model B (v2_adj_only),0.5115384615384615,0.926923076923077,1.5346153846153847,-47.43846153846154
