dist_group,precision_at_3,hit_at_3,avg_correct
1,0.536,0.944,1.608
2,0.5034013605442175,0.9183673469387755,1.510204081632653
0,0.5134408602150538,0.9354838709677419,1.5403225806451613
