rule_name,n_races_evaluated,baseline_top3_rate,race_hit_at3_avg,winner_in_top3_pct,precision_at3_avg,ndcg_at3_avg,random_baseline_hit,vs_random_winner_pct
레이팅 상위3,3461,28.31,0.9766,34.61,32.55,0.3209,0.8489,22.27
말평균순위 상위3,3461,28.31,1.3461,51.57,44.87,0.47,0.8489,82.17999999999999
기수승률 상위3,3461,28.31,1.1823,44.61,39.41,0.4084,0.8489,57.589999999999996
조교사승률 상위3,3461,28.31,1.0613,39.01,35.38,0.3634,0.8489,37.81
복합점수(rule_score) 상위3,3461,28.31,1.347,53.16,44.9,0.4665,0.8489,87.8
