model,precision_at_3,hit_at_3,avg_correct
Model A (v2_full),0.5160256410256411,0.9326923076923077,1.5480769230769231
Model B (v2_adj_only),0.5115384615384615,0.926923076923077,1.5346153846153847
